# Fetched 2026-10-04 from https://www.mozilla.org/en-US/security/advisories/mfsa2026-NN/ ; every CVE in a Firefox (release) advisory of 2026 whose title names Firefox for Android or Firefox Focus for Android.
# "DOM: UI Events & Focus Handling" titles (CVE-2026-74971, CVE-2026-100831) match "Focus" but are cross-platform DOM bugs and are excluded.
mfsa	announced	fixed_in	cve	impact	bug	title
2026-13	February 24, 2026	Firefox 148	CVE-2026-2794	high	2008365	Information disclosure due to uninitialized memory in Firefox and Firefox Focus for Android
2026-13	February 24, 2026	Firefox 148	CVE-2026-2800	moderate	1988145	Spoofing issue in the WebAuthn component in Firefox for Android
2026-19	March 10, 2026	Firefox 148.0.2	CVE-2026-3845	high	2020174	Heap buffer overflow in the Audio/Video: Playback component in Firefox for Android
2026-30	April 21, 2026	Firefox 150	CVE-2026-6756	moderate	1992585	Mitigation bypass in Firefox for Android
2026-46	May 19, 2026	Firefox 151	CVE-2026-8945	high	2003171	Sandbox escape in Firefox and Firefox Focus for Android
2026-46	May 19, 2026	Firefox 151	CVE-2026-8951	moderate	2018513	Spoofing issue in the Toolbar component in Firefox for Android
2026-68	July 21, 2026	Firefox 153	CVE-2026-16373	moderate	2021964	Information disclosure in the Privacy component in Firefox for Android
2026-68	July 21, 2026	Firefox 153	CVE-2026-16397	moderate	2047608	Clickjacking issue in the WebExtensions component in Firefox for Android
2026-68	July 21, 2026	Firefox 153	CVE-2026-16404	low	2020253	Spoofing issue in Firefox for Android
2026-73	August 4, 2026	Firefox 153.0.3	CVE-2026-18809	high	2055683	Information disclosure in Firefox for Android and Firefox Focus for Android
2026-74	August 18, 2026	Firefox 154	CVE-2026-74951	moderate	1978587	Clickjacking issue in Firefox for Android
2026-74	August 18, 2026	Firefox 154	CVE-2026-74975	low	1842361	Spoofing issue in the Downloads component in Firefox for Android
2026-74	August 18, 2026	Firefox 154	CVE-2026-74980	low	2049034	Clickjacking issue in the Downloads component in Firefox for Android
2026-82	September 1, 2026	Firefox 155	CVE-2026-84117	high	2053320	Privilege escalation in Firefox for Android
2026-82	September 1, 2026	Firefox 155	CVE-2026-84127	moderate	1699444	Information disclosure in the WebExtensions component in Firefox for Android
2026-82	September 1, 2026	Firefox 155	CVE-2026-84135	low	2046661	Other issue in Firefox Focus for Android
2026-90	September 15, 2026	Firefox 156	CVE-2026-92033	high	2047339	Privilege escalation in Firefox for Android
2026-97	September 29, 2026	Firefox 157	CVE-2026-100823	low	2054384	Spoofing issue in the Downloads component in Firefox for Android
